Symbol,Name,Theme,Expense_Ratio,AUM,Inception_Date,Issuer,PER,PBR,Dividend_Yield,Weighted_Average_Market_Cap,Asset_Type,Annual_Return,Volatility
SPY,SPDR S&P 500 ETF Trust,US Broad Equity,0.0009,619280000000.0,1993-01-22,State Street,26.47,5.0,0.011899999999999999,1076900000000.0001,주식,0.13718861759616874,0.17637944917451953
QQQ,Invesco QQQ Trust,Growth & Tech,0.002,339960000000.0,1999-03-10,Invesco,36.28,8.26,0.005600000000000001,1312150000000.0,주식,0.14088800358917708,0.23339622143532715
TLT,iShares 20+ Year Treasury Bond ETF,Fixed Income (Treasury),0.0015,48910000000.0,2002-07-22,"BlackRock, Inc.",,,0.0441,,채권,-0.10024384404407705,0.1651347620815012
GLD,SPDR Gold Shares,Commodities & Alternatives,0.004,100390000000.0,2004-11-18,World Gold Council,,,,,원자재,0.12835730358048236,0.1514509351037763
VTI,Vanguard Total Stock Market Index Fund ETF,US Broad Equity,0.0003,483890000000.0,2001-05-24,Vanguard,25.93,4.21,0.0127,797550000000.0,주식,0.128242454636196,0.1801584409830495
IVV,iShares Core S&P 500 ETF,US Broad Equity,0.0003,575270000000.0,2000-05-15,"BlackRock, Inc.",26.39,5.0,0.0128,1066430000000.0001,주식,0.1379774175411126,0.1745844254301305
VOO,Vanguard S&P 500 ETF,US Broad Equity,0.0003,684990000000.0,2010-09-07,Vanguard,24.96,4.69,0.0126,909150000000.0,주식,0.13801186784654162,0.17390853550064486
DIA,SPDR Dow Jones Industrial Average ETF Trust,US Broad Equity (Blue Chip),0.0016,38330000000.0,1998-01-14,State Street,23.06,5.07,0.0149,701200000000.0,주식,0.10581366634566036,0.15175610442034232
IWM,iShares Russell 2000 ETF,US Broad Equity,0.0019,63730000000.0,2000-05-22,"BlackRock, Inc.",62.12,1.99,0.0116,3890000000.0,주식,0.0680420687771941,0.2332310560887827
EFA,iShares MSCI EAFE ETF,International Equity (Developed),0.0032,63860000000.0,2001-08-14,"BlackRock, Inc.",17.63,2.08,0.0273,97420000000.0,주식,0.09745232519975411,0.1655158160998932
EMB,iShares J.P. Morgan USD Emerging Markets Bond ETF,Fixed Income (Broad),0.0039000000000000003,12940000000.0,2007-12-17,"BlackRock, Inc.",,,0.0556,,채권,0.0025953249202539386,0.1017088541467043
AGG,iShares Core U.S. Aggregate Bond ETF,Fixed Income (Broad),0.0003,126060000000.0,2003-09-22,"BlackRock, Inc.",,,0.0384,,채권,-0.011731331524267419,0.06187362162529965
BND,Vanguard Total Bond Market Index Fund ETF,Fixed Income (Broad),0.0003,128960000000.00002,2007-04-03,Vanguard,,,0.0378,,채권,-0.011779559398894524,0.0612645389187126
LQD,iShares iBoxx $ Investment Grade Corporate Bond ETF,Fixed Income (Corporate),0.0014000000000000002,29060000000.0,2002-07-22,"BlackRock, Inc.",,,0.0444,,채권,-0.013515177884285134,0.08942145468291254
HYG,iShares iBoxx $ High Yield Corporate Bond ETF,Fixed Income (Corporate),0.0049,16530000000.000002,2007-04-04,"BlackRock, Inc.",,,0.0584,,채권,0.03923110942809904,0.07790369363563092
TLH,iShares 10-20 Year Treasury Bond ETF,Fixed Income (Treasury),0.0015,11160000000.0,2007-01-05,"BlackRock, Inc.",,,0.042,,채권,-0.07260958308660437,0.13172422987970545
TIP,iShares TIPS Bond ETF,Fixed Income (Inflation-Protected),0.0018,13680000000.0,2003-12-04,"BlackRock, Inc.",,,0.025099999999999997,,채권,0.006238132373403316,0.0643855247991454
VNQ,Vanguard Real Estate Index Fund ETF,Real Estate (REITs),0.0013,34090000000.000004,2004-09-23,Vanguard,44.05,2.55,0.04019999999999999,38630000000.0,부동산,0.057833738021480396,0.19489565220691338
XLK,Technology Select Sector SPDR Fund,Growth & Tech,0.0009,75100000000.0,1998-12-16,State Street,40.1,9.63,0.006500000000000001,1508380000000.0,주식,0.1655132466966167,0.25213957099346834
XLF,Financial Select Sector SPDR Fund,Sector Equity (Financials),0.0009,49080000000.0,1998-12-16,State Street,18.48,2.29,0.013999999999999999,388860000000.0,주식,0.1819342758710678,0.1988602401747966
XLC,Communication Services Select Sector SPDR Fund,Sector Equity (Communication),0.0009,23290000000.0,2018-06-18,State Street,27.14,3.34,0.009899999999999999,739650000000.0,주식,0.12619315012555066,0.21703976019599094
XLY,Consumer Discretionary Select Sector SPDR Fund,Sector Equity (Consumer),0.0009,21710000000.0,1998-12-16,State Street,27.43,9.22,0.0083,780200000000.0,주식,0.07545877748991825,0.24226153832945496
XLP,Consumer Staples Select Sector SPDR Fund,Sector Equity (Consumer),0.0009,16390000000.0,1998-12-16,State Street,22.37,5.17,0.025099999999999997,226890000000.0,주식,0.0688596880991037,0.1323124760520953
XLE,Energy Select Sector SPDR Fund,Sector Equity (Energy),0.0009,27850000000.0,1998-12-16,State Street,15.11,1.95,0.0331,178330000000.0,주식,0.3071578618430031,0.29240793177150975
XLI,Industrial Select Sector SPDR Fund,Sector Equity (Industrials),0.0009,21120000000.0,1998-12-16,State Street,26.88,6.57,0.0134,101820000000.0,주식,0.1483279799735433,0.1787479660169654
XLV,Health Care Select Sector SPDR Fund,Sector Equity (Healthcare),0.0009,34690000000.0,1998-12-16,State Street,22.24,4.58,0.0172,243360000000.0,주식,0.0618700006671693,0.14580680955277278
XLB,Materials Select Sector SPDR Fund,,0.0009,5120000000.0,1998-12-16,State Street,25.43,2.69,0.019299999999999998,74360000000.0,기타,0.08302578522600923,0.1948199118620192
XLU,Utilities Select Sector SPDR Fund,,0.0009,18490000000.0,1998-12-16,State Street,20.7,2.25,0.0282,62100000000.0,기타,0.08403829287175668,0.17712693257133208
KRE,SPDR S&P Regional Banking ETF,Sector Equity (Financials),0.0034999999999999996,3270000000.0,2006-06-19,State Street,14.14,1.07,0.0269,8800000000.0,주식,0.10921376470581401,0.32335375499780167
SMH,VanEck Semiconductor ETF,Growth & Tech,0.0034999999999999996,24830000000.0,2000-05-05,VanEck,46.39,6.35,0.0040999999999999995,1022500000000.0,주식,0.2528679255173072,0.3553797653281356
SOXX,iShares Semiconductor ETF,Growth & Tech,0.0034999999999999996,12700000000.0,2001-07-10,"BlackRock, Inc.",42.34,4.92,0.006500000000000001,528299999999.99994,주식,0.1772827061595741,0.35978635886835025
VUG,Vanguard Growth ETF,Growth & Tech,0.0004,168990000000.0,2004-01-26,Vanguard,36.48,11.62,0.0046,1371860000000.0,주식,0.13381350291640892,0.22958347182470137
VTV,Vanguard Value ETF,US Broad Equity,0.0004,135130000000.0,2004-01-26,Vanguard,18.48,2.77,0.0226,222760000000.0,주식,0.13218971113034295,0.14691748564112872
VB,Vanguard Small-Cap ETF,US Broad Equity,0.0006,62400000000.0,2004-01-26,Vanguard,24.93,2.21,0.0144,8700000000.0,주식,0.0886779608032402,0.21477769620289713
VXUS,Vanguard Total International Stock Index Fund ETF,International Equity (Developed),0.0005,93940000000.0,2011-01-26,Vanguard,16.69,1.85,0.0285,90780000000.0,주식,0.08202897172925083,0.16077644209920683
VEA,Vanguard FTSE Developed Markets ETF,International Equity (Developed),0.0003,160500000000.0,2007-07-20,Vanguard,,,0.0277,,주식,0.09524523732673473,0.16490967469088155
VWO,Vanguard FTSE Emerging Markets ETF,International Equity (Emerging),0.0007000000000000001,88960000000.0,2005-03-04,Vanguard,16.31,1.95,0.028900000000000002,132660000000.0,주식,0.0455207742801389,0.1780787899727209
SCHD,Schwab U.S. Dividend Equity ETF,Dividend Equity,0.0006,69940000000.0,2011-10-20,The Charels Schwab Corp.,14.81,3.31,0.0387,128910000000.0,,0.08800220565656369,0.1546680820162589
VGT,Vanguard Information Technology ETF,Growth & Tech,0.0009,88850000000.0,2004-01-26,Vanguard,40.93,7.78,0.0051,1435450000000.0,주식,0.15677560012149616,0.2562115857917326
QQQM,Invesco NASDAQ 100 ETF,Growth & Tech,0.0015,50040000000.0,2020-10-13,Invesco,36.28,8.27,0.005699999999999999,1312040000000.0,주식,0.1415407541380138,0.23172170478181617
GOVT,iShares U.S. Treasury Bond ETF,Fixed Income (Treasury),0.0005,27280000000.0,2012-02-14,"BlackRock, Inc.",,,0.034,,채권,-0.019567721543085725,0.06211458442360161
IYR,iShares U.S. Real Estate ETF,Real Estate (REITs),0.0039000000000000003,3850000000.0,2000-06-12,"BlackRock, Inc.",39.22,2.73,0.0253,48480000000.0,부동산,0.05536439646224722,0.19324671535814433
XBI,SPDR S&P Biotech ETF,Sector Equity (Healthcare),0.0034999999999999996,4760000000.0,2006-01-31,State Street,-21.25,3.82,0.0016,25100000000.0,주식,-0.08120741714377155,0.3353581287005959
IGV,iShares Expanded Tech-Software Sector ETF,Growth & Tech,0.0040999999999999995,11790000000.0,2001-07-10,"BlackRock, Inc.",73.74,10.04,,463710000000.0,주식,0.10564765749548966,0.27445347964632905
GDX,VanEck Gold Miners ETF,Commodities & Alternatives,0.0051,16079999999.999998,2006-05-16,VanEck,21.26,2.5,0.0077,28230000000.0,원자재,0.07849483837449167,0.3378884579378049
PAVE,Global X U.S. Infrastructure Development ETF,Sector Equity (Industrials),0.004699999999999999,8400000000.0,2017-03-06,"Mirae Asset Global Investments Co., Ltd.",25.32,3.5,0.0052,42300000000.0,주식,0.20660106035511938,0.22468381639396787
ICLN,iShares Global Clean Energy ETF,ESG & Thematic,0.0040999999999999995,1440000000.0,2008-06-24,"BlackRock, Inc.",32.73,1.72,0.0159,21470000000.0,혼합,-0.08860470880941262,0.29426204331780864
TAN,Invesco Solar ETF,ESG & Thematic,0.0070999999999999995,620770000.0,2008-04-15,Invesco,-20.06,1.24,0.0048,4930000000.0,혼합,-0.1627758849957479,0.42792279187758997
PBW,Invesco WilderHill Clean Energy ETF,ESG & Thematic,0.006500000000000001,268650000.0,2005-03-03,Invesco,-6.61,1.7,0.0212,24390000000.0,혼합,-0.22397647517257802,0.4483896100341426
QCLN,First Trust NASDAQ Clean Edge Green Energy Index Fund,ESG & Thematic,0.005600000000000001,406540000.0,2007-02-08,First Trust,-19.96,2.58,0.0096,96080000000.0,혼합,-0.08803540247040742,0.398720146359477
BOTZ,Global X Robotics & Artificial Intelligence ETF,Growth & Tech,0.0068000000000000005,2610000000.0,2016-09-12,"Mirae Asset Global Investments Co., Ltd.",48.04,3.96,0.0014000000000000002,398670000000.0,주식,0.012514721887155078,0.2662532789887599
ROBT,ROBO Global Robotics and Automation Index ETF,Growth & Tech,0.006500000000000001,476370000.0,2018-02-21,First Trust,64.07,3.62,0.0066,206440000000.0,주식,0.024084860844863165,0.25136988862682325
FINX,Global X Fintech ETF,Growth & Tech,0.0068000000000000005,296940000.0,2016-09-12,"Mirae Asset Global Investments Co., Ltd.",48.17,3.25,0.006999999999999999,43170000000.0,주식,-0.04033667484778003,0.31066394758984106
CIBR,SPDR S&P Kensho Cyber Security ETF,Growth & Tech,0.0059,9590000000.0,2015-06-07,First Trust,47.9,7.64,0.0022,170160000000.0,주식,0.15816815855066269,0.247591903585465
BUG,Global X Cybersecurity ETF,Growth & Tech,0.0051,1120000000.0,2019-10-25,"Mirae Asset Global Investments Co., Ltd.",992.01,6.93,0.0009,29240000000.0,주식,0.10201792226631334,0.28182611365331106
ESGU,iShares ESG Aware MSCI USA ETF,ESG & Thematic,0.0015,13500000000.0,2016-12-01,"BlackRock, Inc.",27.07,5.16,0.011200000000000002,1003030000000.0,혼합,0.12605905904119674,0.17899029262802124
VOX,Vanguard Communication Services ETF,Sector Equity (Communication),0.0009,5110000000.0,2004-09-23,Vanguard,23.41,3.18,0.0102,778470000000.0,주식,0.10756675056292431,0.21834694424386308
IWN,iShares Russell 2000 Value ETF,US Broad Equity,0.0024,11020000000.0,2000-07-24,"BlackRock, Inc.",46.13,1.26,0.018500000000000003,2960000000.0,주식,0.09865366924548913,0.2287650137897431
EWJ,iShares MSCI Japan ETF,International Equity (Developed),0.005,14860000000.0,1996-03-12,"BlackRock, Inc.",15.58,1.61,0.021400000000000002,68090000000.0,주식,0.06279204707730979,0.175875475328136
FXI,iShares China Large-Cap ETF,International Equity (Emerging),0.0074,6250000000.0,2004-10-05,"BlackRock, Inc.",11.02,1.37,0.0143,180140000000.0,주식,-0.017886381997393452,0.3264795380434413
EWG,iShares MSCI Germany ETF,International Equity (Developed),0.005,2810000000.0,1996-03-12,"BlackRock, Inc.",21.53,2.02,0.0181,135820000000.0,주식,0.09833074073032733,0.20784324832185974
EWU,iShares MSCI United Kingdom ETF,International Equity (Developed),0.005,3100000000.0,1996-03-12,"BlackRock, Inc.",16.32,2.06,0.0349,98150000000.0,주식,0.13763659767080783,0.1710001443581685
EWC,iShares MSCI Canada ETF,International Equity (Developed),0.005,3020000000.0,1996-03-12,"BlackRock, Inc.",21.49,2.23,0.0197,68080000000.0,주식,0.1313194567932625,0.17553556861908842
EWA,iShares MSCI Australia ETF,International Equity (Developed),0.005,1580000000.0,1996-03-12,"BlackRock, Inc.",20.18,2.69,0.0333,75180000000.0,주식,0.09232788459389751,0.20050792318958024
EWW,iShares MSCI Mexico ETF,International Equity (Emerging),0.005,1960000000.0,1996-03-12,"BlackRock, Inc.",13.83,1.68,0.0334,18700000000.0,주식,0.1537663092944641,0.22865460534982507
EWZ,iShares MSCI Brazil ETF,International Equity (Emerging),0.0059,4620000000.0,2000-07-10,"BlackRock, Inc.",9.66,1.63,0.0712,31950000000.0,주식,0.07471225862317721,0.2897207466380394
MCHI,iShares MSCI China ETF,International Equity (Emerging),0.0059,6500000000.0,2011-03-29,"BlackRock, Inc.",13.93,1.67,0.0194,195200000000.0,주식,-0.054254292434402385,0.3183007380280296
KWEB,KraneShares CSI China Internet ETF,Growth & Tech,0.006999999999999999,6550000000.0,2013-07-31,CICC,17.22,2.26,0.0292,130810000000.0,주식,-0.12679078407748168,0.4991999061004395
CHIQ,Global X China Consumer ETF,International Equity (Emerging),0.006500000000000001,241820000.0,2009-11-30,"Mirae Asset Global Investments Co., Ltd.",19.34,2.72,0.0227,75600000000.0,주식,-0.055021282935605154,0.3971885381837959
FLJP,Franklin FTSE Japan ETF,International Equity (Developed),0.0009,2140000000.0000002,2017-11-02,Franklin Templeton,15.06,1.5,0.041299999999999996,58660000000.0,주식,0.06610544141598806,0.17182318420065443
ARKK,ARK Innovation ETF,Growth & Tech,0.0075,6510000000.0,2014-10-31,ARK Invest LLC,-32.42,6.05,,273690000000.0,주식,-0.09450038007232597,0.4783268276205273
ARKG,ARK Genomic Revolution ETF,Growth & Tech,0.0075,1000000000.0,2014-10-31,ARK Invest LLC,-7.2,3.27,,9390000000.0,주식,-0.21699300455094594,0.46306804400442464
ARKF,ARK Fintech Innovation ETF,Growth & Tech,0.0075,1080000000.0,2019-02-04,ARK Invest LLC,49.16,6.66,,196180000000.0,주식,0.00872096202949768,0.43645649958860216
ARKW,ARK Next Generation Internet ETF,Growth & Tech,0.008199999999999999,1890000000.0,2014-09-30,ARK Invest LLC,105.53,7.82,,295320000000.0,주식,0.031080512839284147,0.44974883888255934
ARKQ,ARK Autonomous Technology & Robotics ETF,Growth & Tech,0.0075,1030000000.0,2014-09-30,ARK Invest LLC,91.34,5.29,,372990000000.0,주식,0.06505840345047553,0.3207924750233967
ITA,iShares U.S. Aerospace & Defense ETF,Sector Equity (Industrials),0.004,7820000000.0,2006-05-01,"BlackRock, Inc.",72.5,6.55,0.0067,123000000000.0,주식,0.19660982695036244,0.20520740226582754
PALL,Aberdeen Standard Physical Palladium Shares ETF,Commodities & Alternatives,0.006,465280000.0,2010-01-06,Abrdn Plc,,,,,원자재,-0.15975295161124015,0.38922267435300995
PPLT,Aberdeen Standard Physical Platinum Shares ETF,Commodities & Alternatives,0.006,1510000000.0,2010-01-08,Abrdn Plc,,,,,원자재,0.07739974990597154,0.2693547310230761
PDBC,Invesco DB Commodity Index Tracking Fund,Commodities & Alternatives,0.0059,4420000000.0,2014-11-07,Invesco,,,0.0436,,원자재,0.14773058091490632,0.19004256886341456
USO,"United States Oil Fund, LP",Commodities & Alternatives,0.006,985530000.0,2006-04-10,Marygold,,,,,원자재,0.255999348838321,0.336962850983744
UNG,"United States Natural Gas Fund, LP",Commodities & Alternatives,0.0106,340320000.0,2007-04-18,Marygold,,,,,원자재,-0.2026144115213776,0.6239049192550108
DBA,Invesco DB Agriculture Fund,Commodities & Alternatives,0.009300000000000001,847040000.0,2007-01-05,Invesco,,,0.0401,,원자재,0.1586663554776675,0.1451424369493826
REM,iShares Mortgage Real Estate Capped ETF,Real Estate (REITs),0.0048,564530000.0,2007-05-01,"BlackRock, Inc.",27.5,0.74,0.09390000000000001,5350000000.0,혼합,0.031918100210405864,0.24694764524266463
OIH,VanEck Oil Services ETF,Sector Equity (Energy),0.0034999999999999996,1050000000.0,2011-07-12,VanEck,14.74,1.34,0.0222,18340000000.0,주식,0.23330593387924004,0.4097725623319759
XES,SPDR S&P Oil & Gas Equipment & Services ETF,Sector Equity (Energy),0.0034999999999999996,157710000.0,2006-06-19,State Street,19.68,1.22,0.0172,7650000000.0,주식,0.21891179018833484,0.4325988760490357
GDXJ,VanEck Junior Gold Miners ETF,Commodities & Alternatives,0.0051,5630000000.0,2009-11-10,VanEck,28.63,2.36,0.0161,5710000000.0,원자재,0.0556400078588668,0.3906782212800604
SIL,Global X Silver Miners ETF,Commodities & Alternatives,0.006500000000000001,1920000000.0,2010-04-19,"Mirae Asset Global Investments Co., Ltd.",46.57,2.43,0.0159,12940000000.0,원자재,0.029338411267579412,0.37687781367356765
URA,Global X Uranium ETF,Commodities & Alternatives,0.0069,3570000000.0,2010-04-11,"Mirae Asset Global Investments Co., Ltd.",585.44,2.61,0.021400000000000002,15950000000.0,원자재,0.3498861812313172,0.4170414609955594
PICK,iShares MSCI Global Metals & Mining Producers ETF,Commodities & Alternatives,0.0039000000000000003,748750000.0,2012-01-31,"BlackRock, Inc.",15.36,1.3,0.03,43500000000.0,원자재,0.11427601101140716,0.27728120537180917
FNCL,Fidelity MSCI Financials Index ETF,Sector Equity (Financials),0.0008,2240000000.0,2013-10-21,Fidelity,18.15,2.18,0.0151,313160000000.0,주식,0.18162678685964928,0.20476617004920977
REMX,VanEck Rare Earth/Strategic Metals ETF,Commodities & Alternatives,0.0058,279730000.0,2010-10-27,VanEck,565.34,1.54,0.024900000000000002,4300000000.0,원자재,0.0174095329096422,0.3893130868371343
CURE,VanEck Biotech ETF,Sector Equity (Healthcare),0.009300000000000001,140430000.0,2011-06-15,Rafferty Asset Management,22.25,4.58,0.013300000000000001,174810000000.0,주식,0.033596433792123515,0.4347249616507788
RSPT,Invesco S&P 500 Equal Weight Health Care ETF,Sector Equity (Healthcare),0.004,3450000000.0,2006-11-01,Invesco,30.38,5.67,0.0042,248940000000.0,주식,0.13383001723468424,0.24087446046044117
FBT,First Trust NYSE Arca Biotechnology Index Fund,Sector Equity (Healthcare),0.0054,1030000000.0,2006-06-19,First Trust,54.6,3.51,0.0070999999999999995,27270000000.0,주식,-0.002512939909390277,0.21994483820376934
PNQI,Invesco NASDAQ Internet ETF,Growth & Tech,0.006,753540000.0,2008-06-12,Invesco,31.4,7.29,,1102330000000.0,주식,0.02534347656121927,0.28202421308113657
QTEC,First Trust NASDAQ-100 Technology Index Fund,Growth & Tech,0.0055000000000000005,2620000000.0,2006-04-19,First Trust,51.21,6.49,0.0002,440880000000.0,주식,0.11178687937702203,0.30036779623076065
IGN,iShares Global Clean Energy ETF,ESG & Thematic,0.0040999999999999995,113050000.0,2001-07-10,"BlackRock, Inc.",69.37,8.61,0.017,59410000000.0,혼합,0.11408587247630453,0.23621358868222292
PSJ,Invesco S&P SmallCap Health Care ETF,Sector Equity (Healthcare),0.0058,453170000.0,2005-06-23,Invesco,39.68,4.75,,695880000000.0,주식,0.014606330354868913,0.27896990469389693
XSD,SPDR S&P Semiconductor ETF,Growth & Tech,0.0034999999999999996,1250000000.0,2006-01-31,State Street,-124.69,3.7,0.0025,176840000000.0,주식,0.13033447924063069,0.3819748321259149
XHE,SPDR S&P Health Care Equipment ETF,Sector Equity (Healthcare),0.0034999999999999996,178800000.0,2011-01-26,State Street,-185.64,2.78,0.0004,23800000000.0,주식,-0.053817171207296566,0.24364009398859926
