﻿Symbol,Name,Theme,Expense_Ratio,AUM,Inception_Date,Issuer,PER,PBR,Dividend_Yield,Weighted_Average_Market_Cap,Asset_Type
SPY,SPDR S&P 500 ETF Trust,US Broad Equity,0.09,619.28B,1993-01-22,State Street,26.47,5,1.19,1076.90B,주식
QQQ,Invesco QQQ Trust,Growth & Tech,0.2,339.96B,1999-03-10,Invesco,36.28,8.26,0.56,1312.15B,주식
TLT,iShares 20+ Year Treasury Bond ETF,Fixed Income (Treasury),0.15,48.91B,2002-07-22,"BlackRock, Inc.",,,4.41,,채권
GLD,SPDR Gold Shares,Commodities & Alternatives,0.4,100.39B,2004-11-18,World Gold Council,,,,,원자재
VTI,Vanguard Total Stock Market Index Fund ETF,US Broad Equity,0.03,483.89B,2001-05-24,Vanguard,25.93,4.21,1.27,797.55B,주식
IVV,iShares Core S&P 500 ETF,US Broad Equity,0.03,575.27B,2000-05-15,"BlackRock, Inc.",26.39,5,1.28,1066.43B,주식
VOO,Vanguard S&P 500 ETF,US Broad Equity,0.03,684.99B,2010-09-07,Vanguard,24.96,4.69,1.26,909.15B,주식
DIA,SPDR Dow Jones Industrial Average ETF Trust,US Broad Equity (Blue Chip),0.16,38.33B,1998-01-14,State Street,23.06,5.07,1.49,701.20B,주식
IWM,iShares Russell 2000 ETF,US Broad Equity,0.19,63.73B,2000-05-22,"BlackRock, Inc.",62.12,1.99,1.16,3.89B,주식
EFA,iShares MSCI EAFE ETF,International Equity (Developed),0.32,63.86B,2001-08-14,"BlackRock, Inc.",17.63,2.08,2.73,97.42B,주식
EMB,iShares J.P. Morgan USD Emerging Markets Bond ETF,Fixed Income (Broad),0.39,12.94B,2007-12-17,"BlackRock, Inc.",,,5.56,,채권
AGG,iShares Core U.S. Aggregate Bond ETF,Fixed Income (Broad),0.03,126.06B,2003-09-22,"BlackRock, Inc.",,,3.84,,채권
BND,Vanguard Total Bond Market Index Fund ETF,Fixed Income (Broad),0.03,128.96B,2007-04-03,Vanguard,,,3.78,,채권
LQD,iShares iBoxx $ Investment Grade Corporate Bond ETF,Fixed Income (Corporate),0.14,29.06B,2002-07-22,"BlackRock, Inc.",,,4.44,,채권
HYG,iShares iBoxx $ High Yield Corporate Bond ETF,Fixed Income (Corporate),0.49,16.53B,2007-04-04,"BlackRock, Inc.",,,5.84,,채권
TLH,iShares 10-20 Year Treasury Bond ETF,Fixed Income (Treasury),0.15,11.16B,2007-01-05,"BlackRock, Inc.",,,4.2,,채권
TIP,iShares TIPS Bond ETF,Fixed Income (Inflation-Protected),0.18,13.68B,2003-12-04,"BlackRock, Inc.",,,2.51,,채권
VNQ,Vanguard Real Estate Index Fund ETF,Real Estate (REITs),0.13,34.09B,2004-09-23,Vanguard,44.05,2.55,4.02,38.63B,부동산
XLK,Technology Select Sector SPDR Fund,Growth & Tech,0.09,75.10B,1998-12-16,State Street,40.1,9.63,0.65,1508.38B,주식
XLF,Financial Select Sector SPDR Fund,Sector Equity (Financials),0.09,49.08B,1998-12-16,State Street,18.48,2.29,1.4,388.86B,주식
XLC,Communication Services Select Sector SPDR Fund,Sector Equity (Communication),0.09,23.29B,2018-06-18,State Street,27.14,3.34,0.99,739.65B,주식
XLY,Consumer Discretionary Select Sector SPDR Fund,Sector Equity (Consumer),0.09,21.71B,1998-12-16,State Street,27.43,9.22,0.83,780.20B,주식
XLP,Consumer Staples Select Sector SPDR Fund,Sector Equity (Consumer),0.09,16.39B,1998-12-16,State Street,22.37,5.17,2.51,226.89B,주식
XLE,Energy Select Sector SPDR Fund,Sector Equity (Energy),0.09,27.85B,1998-12-16,State Street,15.11,1.95,3.31,178.33B,주식
XLI,Industrial Select Sector SPDR Fund,Sector Equity (Industrials),0.09,21.12B,1998-12-16,State Street,26.88,6.57,1.34,101.82B,주식
XLV,Health Care Select Sector SPDR Fund,Sector Equity (Healthcare),0.09,34.69B,1998-12-16,State Street,22.24,4.58,1.72,243.36B,주식
XLB,Materials Select Sector SPDR Fund,N/A,0.09,5.12B,1998-12-16,State Street,25.43,2.69,1.93,74.36B,기타
XLU,Utilities Select Sector SPDR Fund,N/A,0.09,18.49B,1998-12-16,State Street,20.7,2.25,2.82,62.10B,기타
KRE,SPDR S&P Regional Banking ETF,Sector Equity (Financials),0.35,3.27B,2006-06-19,State Street,14.14,1.07,2.69,8.80B,주식
SMH,VanEck Semiconductor ETF,Growth & Tech,0.35,24.83B,2000-05-05,VanEck,46.39,6.35,0.41,1022.50B,주식
SOXX,iShares Semiconductor ETF,Growth & Tech,0.35,12.70B,2001-07-10,"BlackRock, Inc.",42.34,4.92,0.65,528.30B,주식
VUG,Vanguard Growth ETF,Growth & Tech,0.04,168.99B,2004-01-26,Vanguard,36.48,11.62,0.46,1371.86B,주식
VTV,Vanguard Value ETF,US Broad Equity,0.04,135.13B,2004-01-26,Vanguard,18.48,2.77,2.26,222.76B,주식
VB,Vanguard Small-Cap ETF,US Broad Equity,0.06,62.40B,2004-01-26,Vanguard,24.93,2.21,1.44,8.70B,주식
VXUS,Vanguard Total International Stock Index Fund ETF,International Equity (Developed),0.05,93.94B,2011-01-26,Vanguard,16.69,1.85,2.85,90.78B,주식
VEA,Vanguard FTSE Developed Markets ETF,International Equity (Developed),0.03,160.50B,2007-07-20,Vanguard,,,2.77,,주식
VWO,Vanguard FTSE Emerging Markets ETF,International Equity (Emerging),0.07,88.96B,2005-03-04,Vanguard,16.31,1.95,2.89,132.66B,주식
SCHD,Schwab U.S. Dividend Equity ETF,Dividend Equity,0.06,69.94B,2011-10-20,The Charels Schwab Corp.,14.81,3.31,3.87,128.91B,
VGT,Vanguard Information Technology ETF,Growth & Tech,0.09,88.85B,2004-01-26,Vanguard,40.93,7.78,0.51,1435.45B,주식
QQQM,Invesco NASDAQ 100 ETF,Growth & Tech,0.15,50.04B,2020-10-13,Invesco,36.28,8.27,0.57,1312.04B,주식
GOVT,iShares U.S. Treasury Bond ETF,Fixed Income (Treasury),0.05,27.28B,2012-02-14,"BlackRock, Inc.",,,3.4,,채권
IYR,iShares U.S. Real Estate ETF,Real Estate (REITs),0.39,3.85B,2000-06-12,"BlackRock, Inc.",39.22,2.73,2.53,48.48B,부동산
XBI,SPDR S&P Biotech ETF,Sector Equity (Healthcare),0.35,4.76B,2006-01-31,State Street,-21.25,3.82,0.16,25.10B,주식
IGV,iShares Expanded Tech-Software Sector ETF,Growth & Tech,0.41,11.79B,2001-07-10,"BlackRock, Inc.",73.74,10.04,,463.71B,주식
GDX,VanEck Gold Miners ETF,Commodities & Alternatives,0.51,16.08B,2006-05-16,VanEck,21.26,2.5,0.77,28.23B,원자재
PAVE,Global X U.S. Infrastructure Development ETF,Sector Equity (Industrials),0.47,8.40B,2017-03-06,"Mirae Asset Global Investments Co., Ltd.",25.32,3.5,0.52,42.30B,주식
ICLN,iShares Global Clean Energy ETF,ESG & Thematic,0.41,1.44B,2008-06-24,"BlackRock, Inc.",32.73,1.72,1.59,21.47B,혼합
TAN,Invesco Solar ETF,ESG & Thematic,0.71,620.77M,2008-04-15,Invesco,-20.06,1.24,0.48,4.93B,혼합
PBW,Invesco WilderHill Clean Energy ETF,ESG & Thematic,0.65,268.65M,2005-03-03,Invesco,-6.61,1.7,2.12,24.39B,혼합
QCLN,First Trust NASDAQ Clean Edge Green Energy Index Fund,ESG & Thematic,0.56,406.54M,2007-02-08,First Trust,-19.96,2.58,0.96,96.08B,혼합
BOTZ,Global X Robotics & Artificial Intelligence ETF,Growth & Tech,0.68,2.61B,2016-09-12,"Mirae Asset Global Investments Co., Ltd.",48.04,3.96,0.14,398.67B,주식
ROBT,ROBO Global Robotics and Automation Index ETF,Growth & Tech,0.65,476.37M,2018-02-21,First Trust,64.07,3.62,0.66,206.44B,주식
FINX,Global X Fintech ETF,Growth & Tech,0.68,296.94M,2016-09-12,"Mirae Asset Global Investments Co., Ltd.",48.17,3.25,0.7,43.17B,주식
CIBR,SPDR S&P Kensho Cyber Security ETF,Growth & Tech,0.59,9.59B,2015-06-07,First Trust,47.9,7.64,0.22,170.16B,주식
BUG,Global X Cybersecurity ETF,Growth & Tech,0.51,1.12B,2019-10-25,"Mirae Asset Global Investments Co., Ltd.",992.01,6.93,0.09,29.24B,주식
ESGU,iShares ESG Aware MSCI USA ETF,ESG & Thematic,0.15,13.50B,2016-12-01,"BlackRock, Inc.",27.07,5.16,1.12,1003.03B,혼합
VOX,Vanguard Communication Services ETF,Sector Equity (Communication),0.09,5.11B,2004-09-23,Vanguard,23.41,3.18,1.02,778.47B,주식
IWN,iShares Russell 2000 Value ETF,US Broad Equity,0.24,11.02B,2000-07-24,"BlackRock, Inc.",46.13,1.26,1.85,2.96B,주식
EWJ,iShares MSCI Japan ETF,International Equity (Developed),0.5,14.86B,1996-03-12,"BlackRock, Inc.",15.58,1.61,2.14,68.09B,주식
FXI,iShares China Large-Cap ETF,International Equity (Emerging),0.74,6.25B,2004-10-05,"BlackRock, Inc.",11.02,1.37,1.43,180.14B,주식
EWG,iShares MSCI Germany ETF,International Equity (Developed),0.5,2.81B,1996-03-12,"BlackRock, Inc.",21.53,2.02,1.81,135.82B,주식
EWU,iShares MSCI United Kingdom ETF,International Equity (Developed),0.5,3.10B,1996-03-12,"BlackRock, Inc.",16.32,2.06,3.49,98.15B,주식
EWC,iShares MSCI Canada ETF,International Equity (Developed),0.5,3.02B,1996-03-12,"BlackRock, Inc.",21.49,2.23,1.97,68.08B,주식
EWA,iShares MSCI Australia ETF,International Equity (Developed),0.5,1.58B,1996-03-12,"BlackRock, Inc.",20.18,2.69,3.33,75.18B,주식
EWW,iShares MSCI Mexico ETF,International Equity (Emerging),0.5,1.96B,1996-03-12,"BlackRock, Inc.",13.83,1.68,3.34,18.70B,주식
EWZ,iShares MSCI Brazil ETF,International Equity (Emerging),0.59,4.62B,2000-07-10,"BlackRock, Inc.",9.66,1.63,7.12,31.95B,주식
MCHI,iShares MSCI China ETF,International Equity (Emerging),0.59,6.50B,2011-03-29,"BlackRock, Inc.",13.93,1.67,1.94,195.20B,주식
KWEB,KraneShares CSI China Internet ETF,Growth & Tech,0.7,6.55B,2013-07-31,CICC,17.22,2.26,2.92,130.81B,주식
CHIQ,Global X China Consumer ETF,International Equity (Emerging),0.65,241.82M,2009-11-30,"Mirae Asset Global Investments Co., Ltd.",19.34,2.72,2.27,75.60B,주식
FLJP,Franklin FTSE Japan ETF,International Equity (Developed),0.09,2.14B,2017-11-02,Franklin Templeton,15.06,1.5,4.13,58.66B,주식
ARKK,ARK Innovation ETF,Growth & Tech,0.75,6.51B,2014-10-31,ARK Invest LLC,-32.42,6.05,,273.69B,주식
ARKG,ARK Genomic Revolution ETF,Growth & Tech,0.75,1.00B,2014-10-31,ARK Invest LLC,-7.2,3.27,,9.39B,주식
ARKF,ARK Fintech Innovation ETF,Growth & Tech,0.75,1.08B,2019-02-04,ARK Invest LLC,49.16,6.66,,196.18B,주식
ARKW,ARK Next Generation Internet ETF,Growth & Tech,0.82,1.89B,2014-09-30,ARK Invest LLC,105.53,7.82,,295.32B,주식
ARKQ,ARK Autonomous Technology & Robotics ETF,Growth & Tech,0.75,1.03B,2014-09-30,ARK Invest LLC,91.34,5.29,,372.99B,주식
ITA,iShares U.S. Aerospace & Defense ETF,Sector Equity (Industrials),0.4,7.82B,2006-05-01,"BlackRock, Inc.",72.5,6.55,0.67,123.00B,주식
PALL,Aberdeen Standard Physical Palladium Shares ETF,Commodities & Alternatives,0.6,465.28M,2010-01-06,Abrdn Plc,,,,,원자재
PPLT,Aberdeen Standard Physical Platinum Shares ETF,Commodities & Alternatives,0.6,1.51B,2010-01-08,Abrdn Plc,,,,,원자재
PDBC,Invesco DB Commodity Index Tracking Fund,Commodities & Alternatives,0.59,4.42B,2014-11-07,Invesco,,,4.36,,원자재
USO,"United States Oil Fund, LP",Commodities & Alternatives,0.6,985.53M,2006-04-10,Marygold,,,,,원자재
UNG,"United States Natural Gas Fund, LP",Commodities & Alternatives,1.06,340.32M,2007-04-18,Marygold,,,,,원자재
DBA,Invesco DB Agriculture Fund,Commodities & Alternatives,0.93,847.04M,2007-01-05,Invesco,,,4.01,,원자재
REM,iShares Mortgage Real Estate Capped ETF,Real Estate (REITs),0.48,564.53M,2007-05-01,"BlackRock, Inc.",27.5,0.74,9.39,5.35B,혼합
OIH,VanEck Oil Services ETF,Sector Equity (Energy),0.35,1.05B,2011-07-12,VanEck,14.74,1.34,2.22,18.34B,주식
XES,SPDR S&P Oil & Gas Equipment & Services ETF,Sector Equity (Energy),0.35,157.71M,2006-06-19,State Street,19.68,1.22,1.72,7.65B,주식
GDXJ,VanEck Junior Gold Miners ETF,Commodities & Alternatives,0.51,5.63B,2009-11-10,VanEck,28.63,2.36,1.61,5.71B,원자재
SIL,Global X Silver Miners ETF,Commodities & Alternatives,0.65,1.92B,2010-04-19,"Mirae Asset Global Investments Co., Ltd.",46.57,2.43,1.59,12.94B,원자재
URA,Global X Uranium ETF,Commodities & Alternatives,0.69,3.57B,2010-04-11,"Mirae Asset Global Investments Co., Ltd.",585.44,2.61,2.14,15.95B,원자재
PICK,iShares MSCI Global Metals & Mining Producers ETF,Commodities & Alternatives,0.39,748.75M,2012-01-31,"BlackRock, Inc.",15.36,1.3,3,43.50B,원자재
FNCL,Fidelity MSCI Financials Index ETF,Sector Equity (Financials),0.08,2.24B,2013-10-21,Fidelity,18.15,2.18,1.51,313.16B,주식
REMX,VanEck Rare Earth/Strategic Metals ETF,Commodities & Alternatives,0.58,279.73M,2010-10-27,VanEck,565.34,1.54,2.49,4.30B,원자재
CURE,VanEck Biotech ETF,Sector Equity (Healthcare),0.93,140.43M,2011-06-15,Rafferty Asset Management,22.25,4.58,1.33,174.81B,주식
RSPT,Invesco S&P 500 Equal Weight Health Care ETF,Sector Equity (Healthcare),0.4,3.45B,2006-11-01,Invesco,30.38,5.67,0.42,248.94B,주식
FBT,First Trust NYSE Arca Biotechnology Index Fund,Sector Equity (Healthcare),0.54,1.03B,2006-06-19,First Trust,54.6,3.51,0.71,27.27B,주식
PNQI,Invesco NASDAQ Internet ETF,Growth & Tech,0.6,753.54M,2008-06-12,Invesco,31.4,7.29,,1102.33B,주식
QTEC,First Trust NASDAQ-100 Technology Index Fund,Growth & Tech,0.55,2.62B,2006-04-19,First Trust,51.21,6.49,0.02,440.88B,주식
IGN,iShares Global Clean Energy ETF,ESG & Thematic,0.41,113.05M,2001-07-10,"BlackRock, Inc.",69.37,8.61,1.7,59.41B,혼합
PSJ,Invesco S&P SmallCap Health Care ETF,Sector Equity (Healthcare),0.58,453.17M,2005-06-23,Invesco,39.68,4.75,,695.88B,주식
XSD,SPDR S&P Semiconductor ETF,Growth & Tech,0.35,1.25B,2006-01-31,State Street,-124.69,3.7,0.25,176.84B,주식
XHE,SPDR S&P Health Care Equipment ETF,Sector Equity (Healthcare),0.35,178.80M,2011-01-26,State Street,-185.64,2.78,0.04,23.80B,주식
